<?xml version="1.0" encoding="UTF-8"?>
<GenRun Id="impl_1" LaunchPart="xc7a35tftg256-2L" LaunchTime="1641387921">
  <File Type="PWROPT-DRC" Name="VGA_Top_drc_pwropted.rpt"/>
  <File Type="OPT-METHODOLOGY-DRC" Name="VGA_Top_methodology_drc_opted.rpt"/>
  <File Type="INIT-TIMING" Name="VGA_Top_timing_summary_init.rpt"/>
  <File Type="ROUTE-PWR-RPX" Name="VGA_Top_power_routed.rpx"/>
  <File Type="PA-TCL" Name="VGA_Top.tcl"/>
  <File Type="OPT-HWDEF" Name="VGA_Top.hwdef"/>
  <File Type="RDI-RDI" Name="VGA_Top.vdi"/>
  <File Type="OPT-DCP" Name="VGA_Top_opt.dcp"/>
  <File Type="OPT-DRC" Name="VGA_Top_drc_opted.rpt"/>
  <File Type="OPT-TIMING" Name="VGA_Top_timing_summary_opted.rpt"/>
  <File Type="PWROPT-DCP" Name="VGA_Top_pwropt.dcp"/>
  <File Type="PWROPT-TIMING" Name="VGA_Top_timing_summary_pwropted.rpt"/>
  <File Type="PLACE-DCP" Name="VGA_Top_placed.dcp"/>
  <File Type="PLACE-IO" Name="VGA_Top_io_placed.rpt"/>
  <File Type="PLACE-CLK" Name="VGA_Top_clock_utilization_placed.rpt"/>
  <File Type="PLACE-UTIL" Name="VGA_Top_utilization_placed.rpt"/>
  <File Type="PLACE-UTIL-PB" Name="VGA_Top_utilization_placed.pb"/>
  <File Type="PLACE-CTRL" Name="VGA_Top_control_sets_placed.rpt"/>
  <File Type="PLACE-SIMILARITY" Name="VGA_Top_incremental_reuse_placed.rpt"/>
  <File Type="PLACE-PRE-SIMILARITY" Name="VGA_Top_incremental_reuse_pre_placed.rpt"/>
  <File Type="PLACE-TIMING" Name="VGA_Top_timing_summary_placed.rpt"/>
  <File Type="POSTPLACE-PWROPT-DCP" Name="VGA_Top_postplace_pwropt.dcp"/>
  <File Type="POSTPLACE-PWROPT-TIMING" Name="VGA_Top_timing_summary_postplace_pwropted.rpt"/>
  <File Type="PHYSOPT-DCP" Name="VGA_Top_physopt.dcp"/>
  <File Type="PHYSOPT-DRC" Name="VGA_Top_drc_physopted.rpt"/>
  <File Type="PHYSOPT-TIMING" Name="VGA_Top_timing_summary_physopted.rpt"/>
  <File Type="ROUTE-ERROR-DCP" Name="VGA_Top_routed_error.dcp"/>
  <File Type="ROUTE-DCP" Name="VGA_Top_routed.dcp"/>
  <File Type="ROUTE-BLACKBOX-DCP" Name="VGA_Top_routed_bb.dcp"/>
  <File Type="ROUTE-DRC" Name="VGA_Top_drc_routed.rpt"/>
  <File Type="ROUTE-DRC-PB" Name="VGA_Top_drc_routed.pb"/>
  <File Type="BG-BIN" Name="VGA_Top.bin"/>
  <File Type="ROUTE-DRC-RPX" Name="VGA_Top_drc_routed.rpx"/>
  <File Type="BG-DRC" Name="VGA_Top.drc"/>
  <File Type="ROUTE-METHODOLOGY-DRC" Name="VGA_Top_methodology_drc_routed.rpt"/>
  <File Type="BITSTR-MSK" Name="VGA_Top.msk"/>
  <File Type="ROUTE-METHODOLOGY-DRC-RPX" Name="VGA_Top_methodology_drc_routed.rpx"/>
  <File Type="BG-BGN" Name="VGA_Top.bgn"/>
  <File Type="ROUTE-METHODOLOGY-DRC-PB" Name="VGA_Top_methodology_drc_routed.pb"/>
  <File Type="ROUTE-PWR" Name="VGA_Top_power_routed.rpt"/>
  <File Type="ROUTE-PWR-SUM" Name="VGA_Top_power_summary_routed.pb"/>
  <File Type="ROUTE-STATUS" Name="VGA_Top_route_status.rpt"/>
  <File Type="ROUTE-STATUS-PB" Name="VGA_Top_route_status.pb"/>
  <File Type="ROUTE-TIMINGSUMMARY" Name="VGA_Top_timing_summary_routed.rpt"/>
  <File Type="ROUTE-TIMING-PB" Name="VGA_Top_timing_summary_routed.pb"/>
  <File Type="ROUTE-TIMING-RPX" Name="VGA_Top_timing_summary_routed.rpx"/>
  <File Type="ROUTE-SIMILARITY" Name="VGA_Top_incremental_reuse_routed.rpt"/>
  <File Type="ROUTE-CLK" Name="VGA_Top_clock_utilization_routed.rpt"/>
  <File Type="POSTROUTE-PHYSOPT-DCP" Name="VGA_Top_postroute_physopt.dcp"/>
  <File Type="POSTROUTE-PHYSOPT-BLACKBOX-DCP" Name="VGA_Top_postroute_physopt_bb.dcp"/>
  <File Type="POSTROUTE-PHYSOPT-TIMING" Name="VGA_Top_timing_summary_postroute_physopted.rpt"/>
  <File Type="POSTROUTE-PHYSOPT-TIMING-PB" Name="VGA_Top_timing_summary_postroute_physopted.pb"/>
  <File Type="POSTROUTE-PHYSOPT-TIMING-RPX" Name="VGA_Top_timing_summary_postroute_physopted.rpx"/>
  <File Type="BG-BIT" Name="VGA_Top.bit"/>
  <File Type="BITSTR-RBT" Name="VGA_Top.rbt"/>
  <File Type="BITSTR-NKY" Name="VGA_Top.nky"/>
  <File Type="BITSTR-BMM" Name="VGA_Top_bd.bmm"/>
  <File Type="BITSTR-MMI" Name="VGA_Top.mmi"/>
  <File Type="BITSTR-SYSDEF" Name="VGA_Top.sysdef"/>
  <File Type="WBT-USG" Name="usage_statistics_webtalk.html"/>
  <FileSet Name="sources" Type="DesignSrcs" RelSrcDir="$PSRCDIR/sources_1">
    <Filter Type="Srcs"/>
    <File Path="$PSRCDIR/sources_1/new/Seg_7_Display.v">
      <FileInfo>
        <Attr Name="UsedIn" Val="synthesis"/>
        <Attr Name="UsedIn" Val="implementation"/>
        <Attr Name="UsedIn" Val="simulation"/>
      </FileInfo>
    </File>
    <File Path="$PSRCDIR/sources_1/new/Ps2_Display.v">
      <FileInfo>
        <Attr Name="UsedIn" Val="synthesis"/>
        <Attr Name="UsedIn" Val="implementation"/>
        <Attr Name="UsedIn" Val="simulation"/>
      </FileInfo>
    </File>
    <File Path="$PSRCDIR/sources_1/new/Ps2_Interface.v">
      <FileInfo>
        <Attr Name="UsedIn" Val="synthesis"/>
        <Attr Name="UsedIn" Val="implementation"/>
        <Attr Name="UsedIn" Val="simulation"/>
      </FileInfo>
    </File>
    <File Path="$PSRCDIR/sources_1/new/Ps2_Top.v">
      <FileInfo>
        <Attr Name="UsedIn" Val="synthesis"/>
        <Attr Name="UsedIn" Val="implementation"/>
        <Attr Name="UsedIn" Val="simulation"/>
      </FileInfo>
    </File>
    <File Path="$PSRCDIR/sources_1/new/VGA_Top.v">
      <FileInfo>
        <Attr Name="UsedIn" Val="synthesis"/>
        <Attr Name="UsedIn" Val="implementation"/>
        <Attr Name="UsedIn" Val="simulation"/>
      </FileInfo>
    </File>
    <File Path="$PSRCDIR/sources_1/new/VGA_interface.v">
      <FileInfo>
        <Attr Name="UsedIn" Val="synthesis"/>
        <Attr Name="UsedIn" Val="implementation"/>
        <Attr Name="UsedIn" Val="simulation"/>
      </FileInfo>
    </File>
    <Config>
      <Option Name="DesignMode" Val="RTL"/>
      <Option Name="TopModule" Val="VGA_Top"/>
    </Config>
  </FileSet>
  <FileSet Name="constrs_in" Type="Constrs" RelSrcDir="$PSRCDIR/constrs_1">
    <Filter Type="Constrs"/>
    <File Path="$PSRCDIR/constrs_1/new/task1.xdc">
      <FileInfo>
        <Attr Name="UsedIn" Val="synthesis"/>
        <Attr Name="UsedIn" Val="implementation"/>
      </FileInfo>
    </File>
    <File Path="$PSRCDIR/constrs_1/new/task2.xdc">
      <FileInfo>
        <Attr Name="UsedIn" Val="synthesis"/>
        <Attr Name="UsedIn" Val="implementation"/>
      </FileInfo>
    </File>
    <Config>
      <Option Name="TargetConstrsFile" Val="$PSRCDIR/constrs_1/new/task2.xdc"/>
      <Option Name="ConstrsType" Val="XDC"/>
    </Config>
  </FileSet>
  <Strategy Version="1" Minor="2">
    <StratHandle Name="Vivado Implementation Defaults" Flow="Vivado Implementation 2016"/>
    <Step Id="init_design"/>
    <Step Id="opt_design"/>
    <Step Id="power_opt_design"/>
    <Step Id="place_design"/>
    <Step Id="post_place_power_opt_design"/>
    <Step Id="phys_opt_design"/>
    <Step Id="route_design"/>
    <Step Id="post_route_phys_opt_design"/>
    <Step Id="write_bitstream"/>
  </Strategy>
</GenRun>
